<?xml version="1.0" encoding="utf-8"?>
<map proto="1.3.3">
  <name>gradient</name>
  <version>1.1.1</version>
  <!--
       更新履歴
       v1.0.0 2015/11/20
        初版
       v1.0.1 2015/11/28
        チームカラー変更
       v1.0.2 2015/11/29
        不要チャンク削除・ファイル構造修正
       v1.1.0 2015/12/1
        観戦者spawn看板修正・xml修正
       v1.1.1 2015/12/7
        Authorの名前変更
  -->
  <objective>最後まで生き残れ！/Last one standing Wins!</objective>
  <authors>
    <author>t03y</author>
  </authors>
  <teams>
    <team color="gold" max="24">Tributes</team>
  </teams>
  <kits>
    <kit name="gold">
      <potion duration="oo" amplifier="1">night_vision</potion>
      <potion duration="oo" amplifier="0">JUMP</potion>
    </kit>
  </kits>
  <spawns>
    <spawn team="gold" yaw="180" kit="gold">
      <cuboid min="-2,32,2" max="2,32,-2"/>
    </spawn>
    <default yaw="180" fly="true">
      <cuboid min="-2,40,46" max="2,40,42"/>
    </default>
  </spawns>
  <timelock>on</timelock>
  <tntrun/>
  <include src="tutorial.xml"/>
  <tutorial>
    <stage title="TNT Run">
      <message>
        <line>This map is a `a`lTNT Run `rmap.</line>
        <line>The objective is to be the last one alive.</line>
      </message>
      <message lang="ja_JP">
        <line>このマップは `a`lTNT Run`r マップです。</line>
        <line>他の参加者を蹴落し最後まで生存することが目標になります。</line>
      </message>
    </stage>
  </tutorial>
</map>